mu,p,sttc
0.1,0.1,0.00037746533
0.1,0.2,0.0004276365
0.1,0.7,0.0005324617
0.1,1.0,0.0004580299
0.5,0.1,0.0003861956
0.5,0.2,0.00042622662
0.5,0.7,0.0006144832
0.5,1.0,0.0007493774
1.0,0.1,0.0004030166
1.0,0.2,0.00043360493
1.0,0.7,0.96601874
1.0,1.0,0.97594446
1.5,0.1,0.00043221161
1.5,0.2,0.00044286292
1.5,0.7,0.96811455
1.5,1.0,0.9761642
2.0,0.1,0.00045200624
2.0,0.2,0.00063289126
2.0,0.7,0.9727989
