mu,p,sttc
0.1,0.1,0.96785
0.1,0.2,0.9753519
0.1,0.7,0.95362633
0.1,1.0,0.96216506
0.5,0.1,0.95919514
