mu,p,sttc
0.1,0.2,0.00054659555
0.1,0.7,0.00049955875
0.1,1.0,0.0003879344
1.0,0.2,0.000542985
1.0,0.7,0.9976561
1.0,1.0,0.9978726
1.5,0.2,0.00057293416
1.5,0.7,0.9974473
1.5,1.0,0.9984079
