mu,p,sttc
0.1,0.2,0.99671227
0.1,0.7,0.9967525
0.1,1.0,0.0008675983
1.0,0.2,0.00063816656
1.0,0.7,0.00046336095
1.0,1.0,0.00044712573
1.5,0.2,0.0005821551
1.5,0.7,0.0004782643
1.5,1.0,0.00044170837
