mu,p,sttc
1.0,0.1,0.0006372833
1.0,0.2,0.00058912975
